	file_name	label	target
0	hi_tech_05.02_7.txt	0	hi-tech
115	hi_tech_09.02_4.txt	0	hi-tech
111	hi_tech_14.02_1.txt	0	hi-tech
110	hi_tech_02.02_7.txt	0	hi-tech
109	hi_tech_07.02_9.txt	0	hi-tech
108	hi_tech_02.02_3.txt	0	hi-tech
106	hi_tech_15.02_5.txt	0	hi-tech
105	hi_tech_31.01_6.txt	0	hi-tech
104	hi_tech_30.01_6.txt	0	hi-tech
103	hi_tech_20.02_7.txt	0	hi-tech
101	hi_tech_08.02_0.txt	0	hi-tech
100	hi_tech_21.02_7.txt	0	hi-tech
99	hi_tech_05.03_6.txt	0	hi-tech
98	hi_tech_01.03_10.txt	0	hi-tech
97	hi_tech_29.01_8.txt	0	hi-tech
95	hi_tech_05.03_7.txt	0	hi-tech
93	hi_tech_08.02_1.txt	0	hi-tech
92	hi_tech_09.02_1.txt	0	hi-tech
75	hi_tech_09.02_3.txt	0	hi-tech
76	hi_tech_20.02_4.txt	0	hi-tech
77	hi_tech_21.02_4.txt	0	hi-tech
79	hi_tech_31.01_5.txt	0	hi-tech
80	hi_tech_30.01_5.txt	0	hi-tech
81	hi_tech_14.02_6.txt	0	hi-tech
116	hi_tech_08.02_4.txt	0	hi-tech
83	hi_tech_02.02_0.txt	0	hi-tech
86	hi_tech_02.02_2.txt	0	hi-tech
87	hi_tech_14.02_4.txt	0	hi-tech
88	hi_tech_15.02_4.txt	0	hi-tech
89	hi_tech_31.01_7.txt	0	hi-tech
90	hi_tech_30.01_7.txt	0	hi-tech
91	hi_tech_20.02_6.txt	0	hi-tech
84	hi_tech_03.02_0.txt	0	hi-tech
118	hi_tech_31.01_2.txt	0	hi-tech
119	hi_tech_30.01_2.txt	0	hi-tech
120	hi_tech_05.03_2.txt	0	hi-tech
147	hi_tech_21.02_1.txt	0	hi-tech
148	hi_tech_08.02_6.txt	0	hi-tech
149	hi_tech_14.02_3.txt	0	hi-tech
150	hi_tech_15.02_3.txt	0	hi-tech
151	hi_tech_02.02_5.txt	0	hi-tech
152	hi_tech_06.02_2.txt	0	hi-tech
145	hi_tech_09.02_6.txt	0	hi-tech
153	hi_tech_07.02_2.txt	0	hi-tech
155	hi_tech_01.03_7.txt	0	hi-tech
156	hi_tech_29.01_2.txt	0	hi-tech
157	hi_tech_29.01_3.txt	0	hi-tech
158	hi_tech_01.03_6.txt	0	hi-tech
160	hi_tech_07.02_3.txt	0	hi-tech
304	science_12.02-18.02_11.txt	0	science
154	hi_tech_02.02_8.txt	0	hi-tech
73	hi_tech_22.02_11.txt	0	hi-tech
144	hi_tech_30.01_0.txt	0	hi-tech
140	hi_tech_31.01_1.txt	0	hi-tech
122	hi_tech_30.01_3.txt	0	hi-tech
123	hi_tech_31.01_3.txt	0	hi-tech
124	hi_tech_21.02_2.txt	0	hi-tech
126	hi_tech_09.02_5.txt	0	hi-tech
128	hi_tech_20.02_2.txt	0	hi-tech
130	hi_tech_14.02_0.txt	0	hi-tech
143	hi_tech_31.01_0.txt	0	hi-tech
131	hi_tech_02.02_6.txt	0	hi-tech
133	hi_tech_15.02_2.txt	0	hi-tech
134	hi_tech_14.02_2.txt	0	hi-tech
135	hi_tech_08.02_7.txt	0	hi-tech
136	hi_tech_21.02_0.txt	0	hi-tech
138	hi_tech_09.02_7.txt	0	hi-tech
139	hi_tech_30.01_1.txt	0	hi-tech
132	hi_tech_02.02_4.txt	0	hi-tech
72	hi_tech_22.02_10.txt	0	hi-tech
121	hi_tech_05.03_3.txt	0	hi-tech
5	hi_tech_12.02_1.txt	0	hi-tech
25	hi_tech_13.02_3.txt	0	hi-tech
26	hi_tech_12.02_3.txt	0	hi-tech
27	hi_tech_02.03_0.txt	0	hi-tech
28	hi_tech_03.03_0.txt	0	hi-tech
32	hi_tech_05.02_1.txt	0	hi-tech
33	hi_tech_19.02_4.txt	0	hi-tech
24	hi_tech_26.02_1.txt	0	hi-tech
34	hi_tech_02.03_4.txt	0	hi-tech
36	hi_tech_13.02_7.txt	0	hi-tech
37	hi_tech_26.02_5.txt	0	hi-tech
8	hi_tech_26.02_2.txt	0	hi-tech
38	hi_tech_27.02_5.txt	0	hi-tech
39	hi_tech_27.02_4.txt	0	hi-tech
40	hi_tech_26.02_4.txt	0	hi-tech
35	hi_tech_12.02_7.txt	0	hi-tech
41	hi_tech_13.02_6.txt	0	hi-tech
23	hi_tech_27.02_1.txt	0	hi-tech
21	hi_tech_26.02_0.txt	0	hi-tech
9	hi_tech_27.02_2.txt	0	hi-tech
6	hi_tech_27.02_3.txt	0	hi-tech
11	hi_tech_13.02_0.txt	0	hi-tech
12	hi_tech_22.02_8.txt	0	hi-tech
13	hi_tech_02.03_3.txt	0	hi-tech
70	hi_tech_09.02_2.txt	0	hi-tech
22	hi_tech_27.02_0.txt	0	hi-tech
4	hi_tech_13.02_1.txt	0	hi-tech
16	hi_tech_05.02_4.txt	0	hi-tech
17	hi_tech_19.02_1.txt	0	hi-tech
3	hi_tech_22.02_9.txt	0	hi-tech
18	hi_tech_02.03_1.txt	0	hi-tech
19	hi_tech_12.02_2.txt	0	hi-tech
20	hi_tech_13.02_2.txt	0	hi-tech
15	hi_tech_05.02_6.txt	0	hi-tech
42	hi_tech_12.02_6.txt	0	hi-tech
7	hi_tech_26.02_3.txt	0	hi-tech
53	hi_tech_27.02_6.txt	0	hi-tech
58	hi_tech_13.02_5.txt	0	hi-tech
57	hi_tech_12.02_5.txt	0	hi-tech
56	hi_tech_27.02_7.txt	0	hi-tech
55	hi_tech_26.02_7.txt	0	hi-tech
54	hi_tech_26.02_6.txt	0	hi-tech
43	hi_tech_02.03_5.txt	0	hi-tech
52	hi_tech_12.02_4.txt	0	hi-tech
61	hi_tech_19.02_6.txt	0	hi-tech
62	hi_tech_05.02_3.txt	0	hi-tech
63	hi_tech_02.02_1.txt	0	hi-tech
59	hi_tech_02.03_6.txt	0	hi-tech
64	hi_tech_14.02_7.txt	0	hi-tech
1	hi_tech_19.02_2.txt	0	hi-tech
50	hi_tech_09.02_10.txt	0	hi-tech
65	hi_tech_30.01_4.txt	0	hi-tech
49	hi_tech_02.03_7.txt	0	hi-tech
44	hi_tech_19.02_5.txt	0	hi-tech
48	hi_tech_01.02_8.txt	0	hi-tech
66	hi_tech_31.01_4.txt	0	hi-tech
51	hi_tech_13.02_4.txt	0	hi-tech
67	hi_tech_08.02_2.txt	0	hi-tech
68	hi_tech_21.02_5.txt	0	hi-tech
46	hi_tech_04.02_0.txt	0	hi-tech
444	politics_26.02-04.03_35.txt	1	politics
358	politics_12.02-18.02_47.txt	1	politics
354	politics_05.02-11.02_66.txt	1	politics
449	politics_29.01-04.02_94.txt	1	politics
355	politics_05.02-11.02_72.txt	1	politics
357	politics_12.02-18.02_53.txt	1	politics
353	politics_26.02-04.03_54.txt	1	politics
347	politics_26.02-04.03_83.txt	1	politics
336	politics_05.02-11.02_70.txt	1	politics
337	politics_05.02-11.02_58.txt	1	politics
338	politics_26.02-04.03_42.txt	1	politics
339	politics_26.02-04.03_56.txt	1	politics
340	politics_19.02-25.02_23.txt	1	politics
341	politics_19.02-25.02_37.txt	1	politics
448	politics_29.01-04.02_80.txt	1	politics
352	politics_26.02-04.03_40.txt	1	politics
447	politics_19.02-25.02_54.txt	1	politics
344	politics_29.01-04.02_34.txt	1	politics
345	politics_29.01-04.02_22.txt	1	politics
445	politics_19.02-25.02_68.txt	1	politics
349	politics_19.02-25.02_21.txt	1	politics
348	politics_26.02-04.03_97.txt	1	politics
335	politics_05.02-11.02_64.txt	1	politics
346	politics_29.01-04.02_36.txt	1	politics
323	politics_26.02-04.03_94.txt	1	politics
331	politics_12.02-18.02_44.txt	1	politics
481	politics_29.01-04.02_68.txt	1	politics
479	politics_29.01-04.02_83.txt	1	politics
476	politics_19.02-25.02_57.txt	1	politics
475	politics_26.02-04.03_22.txt	1	politics
474	politics_26.02-04.03_36.txt	1	politics
471	politics_12.02-18.02_19.txt	1	politics
470	politics_12.02-18.02_31.txt	1	politics
306	science_05.02-11.02_24.txt	1	science
469	politics_12.02-18.02_25.txt	1	politics
467	politics_12.02-18.02_30.txt	1	politics
466	politics_12.02-18.02_18.txt	1	politics
465	politics_05.02-11.02_11.txt	1	politics
333	politics_12.02-18.02_51.txt	1	politics
464	politics_05.02-11.02_39.txt	1	politics
462	politics_26.02-04.03_23.txt	1	politics
460	politics_19.02-25.02_42.txt	1	politics
458	politics_29.01-04.02_82.txt	1	politics
457	politics_05.02-11.02_8.txt	1	politics
455	politics_29.01-04.02_69.txt	1	politics
322	politics_29.01-04.02_21.txt	1	politics
359	politics_12.02-18.02_46.txt	1	politics
325	politics_19.02-25.02_22.txt	1	politics
453	politics_29.01-04.02_41.txt	1	politics
327	politics_26.02-04.03_43.txt	1	politics
328	politics_05.02-11.02_59.txt	1	politics
452	politics_29.01-04.02_57.txt	1	politics
463	politics_26.02-04.03_37.txt	1	politics
443	politics_26.02-04.03_21.txt	1	politics
412	politics_12.02-18.02_55.txt	1	politics
362	politics_05.02-11.02_67.txt	1	politics
393	politics_26.02-04.03_50.txt	1	politics
394	politics_26.02-04.03_44.txt	1	politics
395	politics_29.01-04.02_9.txt	1	politics
396	politics_26.02-04.03_93.txt	1	politics
419	politics_19.02-25.02_26.txt	1	politics
397	politics_29.01-04.02_32.txt	1	politics
418	politics_05.02-11.02_75.txt	1	politics
417	politics_05.02-11.02_61.txt	1	politics
268	science_26.02-04.03_19.txt	1	science
432	politics_29.01-04.02_81.txt	1	politics
431	politics_29.01-04.02_95.txt	1	politics
401	politics_29.01-04.02_24.txt	1	politics
402	politics_26.02-04.03_91.txt	1	politics
403	politics_26.02-04.03_85.txt	1	politics
416	politics_05.02-11.02_49.txt	1	politics
404	politics_26.02-04.03_52.txt	1	politics
415	politics_12.02-18.02_40.txt	1	politics
430	politics_12.02-18.02_1.txt	1	politics
406	politics_19.02-25.02_33.txt	1	politics
407	politics_19.02-25.02_27.txt	1	politics
414	politics_12.02-18.02_68.txt	1	politics
428	politics_29.01-04.02_56.txt	1	politics
410	politics_05.02-11.02_48.txt	1	politics
427	politics_29.01-04.02_19.txt	1	politics
413	politics_12.02-18.02_69.txt	1	politics
434	politics_19.02-25.02_41.txt	1	politics
361	politics_05.02-11.02_73.txt	1	politics
435	politics_26.02-04.03_34.txt	1	politics
421	politics_26.02-04.03_47.txt	1	politics
363	politics_26.02-04.03_55.txt	1	politics
364	politics_26.02-04.03_41.txt	1	politics
441	politics_12.02-18.02_26.txt	1	politics
367	politics_19.02-25.02_20.txt	1	politics
368	politics_26.02-04.03_96.txt	1	politics
369	politics_26.02-04.03_82.txt	1	politics
370	politics_29.01-04.02_37.txt	1	politics
440	politics_12.02-18.02_32.txt	1	politics
372	politics_29.01-04.02_27.txt	1	politics
373	politics_29.01-04.02_33.txt	1	politics
374	politics_26.02-04.03_86.txt	1	politics
375	politics_26.02-04.03_92.txt	1	politics
376	politics_29.01-04.02_8.txt	1	politics
377	politics_19.02-25.02_18.txt	1	politics
378	politics_26.02-04.03_45.txt	1	politics
379	politics_26.02-04.03_51.txt	1	politics
439	politics_12.02-18.02_33.txt	1	politics
381	politics_26.02-04.03_79.txt	1	politics
382	politics_19.02-25.02_30.txt	1	politics
383	politics_05.02-11.02_63.txt	1	politics
385	politics_12.02-18.02_56.txt	1	politics
388	politics_12.02-18.02_57.txt	1	politics
389	politics_05.02-11.02_62.txt	1	politics
422	politics_26.02-04.03_53.txt	1	politics
390	politics_19.02-25.02_31.txt	1	politics
420	politics_19.02-25.02_32.txt	1	politics
249	science_26.02-04.03_35.txt	1	science
425	politics_29.01-04.02_25.txt	1	politics
424	politics_26.02-04.03_90.txt	1	politics
2	hi_tech_02.03_2.txt	1	hi-tech
175	science_19.02-25.02_6.txt	1	science
31	hi_tech_05.02_5.txt	1	hi-tech
141	hi_tech_05.03_1.txt	1	hi-tech
587	culture_05.02-11.02_18.txt	2	culture
588	culture_05.02-11.02_24.txt	2	culture
589	culture_05.02-11.02_30.txt	2	culture
590	culture_05.02-11.02_32.txt	2	culture
591	culture_05.02-11.02_2.txt	2	culture
592	culture_12.02-18.02_13.txt	2	culture
442	politics_05.02-11.02_13.txt	2	politics
593	culture_12.02-18.02_8.txt	2	culture
529	culture_26.02-04.03_23.txt	2	culture
586	culture_05.02-11.02_0.txt	2	culture
596	culture_26.02-04.03_29.txt	2	culture
597	culture_19.02-25.02_4.txt	2	culture
598	culture_12.02-18.02_9.txt	2	culture
599	culture_12.02-18.02_12.txt	2	culture
600	culture_05.02-11.02_3.txt	2	culture
601	culture_05.02-11.02_27.txt	2	culture
602	culture_05.02-11.02_23.txt	2	culture
594	culture_19.02-25.02_5.txt	2	culture
595	culture_26.02-04.03_28.txt	2	culture
584	culture_12.02-18.02_39.txt	2	culture
583	culture_26.02-04.03_16.txt	2	culture
565	culture_05.02-11.02_29.txt	2	culture
566	culture_05.02-11.02_15.txt	2	culture
567	culture_12.02-18.02_7.txt	2	culture
568	culture_12.02-18.02_20.txt	2	culture
569	culture_12.02-18.02_34.txt	2	culture
570	culture_26.02-04.03_33.txt	2	culture
571	culture_26.02-04.03_27.txt	2	culture
572	culture_26.02-04.03_26.txt	2	culture
573	culture_12.02-18.02_35.txt	2	culture
574	culture_05.02-11.02_14.txt	2	culture
575	culture_05.02-11.02_28.txt	2	culture
576	culture_05.02-11.02_31.txt	2	culture
577	culture_05.02-11.02_25.txt	2	culture
578	culture_05.02-11.02_19.txt	2	culture
446	politics_19.02-25.02_40.txt	2	politics
579	culture_12.02-18.02_10.txt	2	culture
580	culture_12.02-18.02_38.txt	2	culture
581	culture_26.02-04.03_17.txt	2	culture
582	culture_19.02-25.02_7.txt	2	culture
585	culture_12.02-18.02_11.txt	2	culture
603	culture_05.02-11.02_37.txt	2	culture
605	culture_19.02-25.02_0.txt	2	culture
606	culture_26.02-04.03_11.txt	2	culture
625	culture_26.02-04.03_1.txt	2	culture
626	culture_19.02-25.02_29.txt	2	culture
627	culture_19.02-25.02_15.txt	2	culture
628	culture_19.02-25.02_14.txt	2	culture
429	politics_29.01-04.02_42.txt	2	politics
629	culture_19.02-25.02_28.txt	2	culture
630	culture_26.02-04.03_0.txt	2	culture
631	culture_29.01-04.02_17.txt	2	culture
624	culture_29.01-04.02_16.txt	2	culture
632	culture_29.01-04.02_5.txt	2	culture
634	culture_29.01-04.02_29.txt	2	culture
635	culture_29.01-04.02_15.txt	2	culture
636	culture_26.02-04.03_2.txt	2	culture
637	culture_19.02-25.02_16.txt	2	culture
638	culture_26.02-04.03_3.txt	2	culture
639	culture_29.01-04.02_6.txt	2	culture
640	culture_29.01-04.02_2.txt	2	culture
426	politics_29.01-04.02_31.txt	2	politics
633	culture_29.01-04.02_7.txt	2	culture
604	culture_05.02-11.02_7.txt	2	culture
623	culture_29.01-04.02_4.txt	2	culture
621	culture_05.02-11.02_21.txt	2	culture
607	culture_26.02-04.03_38.txt	2	culture
608	culture_12.02-18.02_17.txt	2	culture
609	culture_05.02-11.02_22.txt	2	culture
438	politics_12.02-18.02_27.txt	2	politics
610	culture_05.02-11.02_34.txt	2	culture
437	politics_05.02-11.02_12.txt	2	politics
436	politics_26.02-04.03_20.txt	2	politics
611	culture_05.02-11.02_20.txt	2	culture
622	culture_05.02-11.02_35.txt	2	culture
612	culture_05.02-11.02_4.txt	2	culture
614	culture_12.02-18.02_15.txt	2	culture
615	culture_26.02-04.03_12.txt	2	culture
616	culture_19.02-25.02_3.txt	2	culture
617	culture_26.02-04.03_13.txt	2	culture
618	culture_12.02-18.02_14.txt	2	culture
619	culture_12.02-18.02_28.txt	2	culture
433	politics_19.02-25.02_55.txt	2	politics
620	culture_05.02-11.02_5.txt	2	culture
613	culture_12.02-18.02_29.txt	2	culture
564	culture_05.02-11.02_17.txt	2	culture
563	culture_12.02-18.02_5.txt	2	culture
450	politics_12.02-18.02_0.txt	2	politics
532	culture_12.02-18.02_3.txt	2	culture
506	culture_12.02-18.02_41.txt	2	culture
505	culture_29.01-04.02_30.txt	2	culture
504	culture_29.01-04.02_18.txt	2	culture
502	culture_19.02-25.02_33.txt	2	culture
501	culture_19.02-25.02_32.txt	2	culture
500	culture_19.02-25.02_26.txt	2	culture
499	culture_29.01-04.02_31.txt	2	culture
507	culture_29.01-04.02_8.txt	2	culture
498	culture_29.01-04.02_25.txt	2	culture
496	culture_12.02-18.02_44.txt	2	culture
495	culture_29.01-04.02_21.txt	2	culture
494	culture_19.02-25.02_23.txt	2	culture
493	culture_26.02-04.03_42.txt	2	culture
492	culture_29.01-04.02_34.txt	2	culture
491	culture_29.01-04.02_20.txt	2	culture
490	culture_29.01-04.02_36.txt	2	culture
489	culture_29.01-04.02_22.txt	2	culture
497	culture_12.02-18.02_40.txt	2	culture
508	culture_12.02-18.02_43.txt	2	culture
509	culture_29.01-04.02_32.txt	2	culture
510	culture_29.01-04.02_26.txt	2	culture
528	culture_26.02-04.03_22.txt	2	culture
527	culture_26.02-04.03_36.txt	2	culture
526	culture_29.01-04.02_40.txt	2	culture
525	culture_12.02-18.02_2.txt	2	culture
531	culture_29.01-04.02_41.txt	2	culture
524	culture_12.02-18.02_19.txt	2	culture
523	culture_12.02-18.02_31.txt	2	culture
522	culture_05.02-11.02_8.txt	2	culture
521	culture_05.02-11.02_38.txt	2	culture
520	culture_05.02-11.02_10.txt	2	culture
519	culture_12.02-18.02_42.txt	2	culture
518	culture_29.01-04.02_33.txt	2	culture
517	culture_29.01-04.02_27.txt	2	culture
516	culture_19.02-25.02_30.txt	2	culture
515	culture_19.02-25.02_24.txt	2	culture
514	culture_19.02-25.02_18.txt	2	culture
513	culture_19.02-25.02_19.txt	2	culture
512	culture_19.02-25.02_25.txt	2	culture
511	culture_19.02-25.02_31.txt	2	culture
488	culture_26.02-04.03_9.txt	2	culture
487	culture_26.02-04.03_40.txt	2	culture
486	culture_19.02-25.02_21.txt	2	culture
485	culture_26.02-04.03_41.txt	2	culture
547	culture_12.02-18.02_0.txt	2	culture
548	culture_12.02-18.02_27.txt	2	culture
461	politics_19.02-25.02_56.txt	2	politics
549	culture_12.02-18.02_33.txt	2	culture
459	politics_29.01-04.02_96.txt	2	politics
550	culture_05.02-11.02_12.txt	2	culture
552	culture_12.02-18.02_4.txt	2	culture
456	politics_12.02-18.02_2.txt	2	politics
553	culture_12.02-18.02_23.txt	2	culture
554	culture_26.02-04.03_18.txt	2	culture
555	culture_19.02-25.02_9.txt	2	culture
454	politics_29.01-04.02_55.txt	2	politics
556	culture_26.02-04.03_24.txt	2	culture
557	culture_26.02-04.03_30.txt	2	culture
558	culture_26.02-04.03_31.txt	2	culture
559	culture_26.02-04.03_25.txt	2	culture
560	culture_19.02-25.02_8.txt	2	culture
451	politics_29.01-04.02_43.txt	2	politics
561	culture_12.02-18.02_22.txt	2	culture
546	culture_29.01-04.02_42.txt	2	culture
530	culture_26.02-04.03_37.txt	2	culture
545	culture_26.02-04.03_20.txt	2	culture
543	culture_26.02-04.03_35.txt	2	culture
484	culture_26.02-04.03_8.txt	2	culture
483	culture_29.01-04.02_23.txt	2	culture
482	culture_29.01-04.02_37.txt	2	culture
533	culture_12.02-18.02_18.txt	2	culture
480	politics_05.02-11.02_9.txt	2	politics
534	culture_12.02-18.02_24.txt	2	culture
478	politics_29.01-04.02_97.txt	2	politics
477	politics_19.02-25.02_43.txt	2	politics
535	culture_05.02-11.02_9.txt	2	culture
536	culture_05.02-11.02_39.txt	2	culture
537	culture_05.02-11.02_11.txt	2	culture
473	politics_05.02-11.02_38.txt	2	politics
472	politics_05.02-11.02_10.txt	2	politics
538	culture_05.02-11.02_13.txt	2	culture
539	culture_12.02-18.02_32.txt	2	culture
540	culture_12.02-18.02_26.txt	2	culture
541	culture_12.02-18.02_1.txt	2	culture
542	culture_26.02-04.03_21.txt	2	culture
468	politics_12.02-18.02_24.txt	2	politics
544	culture_26.02-04.03_34.txt	2	culture
562	culture_12.02-18.02_36.txt	2	culture
642	culture_29.01-04.02_38.txt	2	culture
411	politics_12.02-18.02_41.txt	2	politics
641	culture_29.01-04.02_10.txt	2	culture
14	hi_tech_19.02_3.txt	2	hi-tech
82	hi_tech_15.02_6.txt	2	hi-tech
262	science_29.01-04.02_46.txt	2	science
102	hi_tech_09.02_0.txt	2	hi-tech
112	hi_tech_15.02_1.txt	2	hi-tech
113	hi_tech_20.02_3.txt	2	hi-tech
114	hi_tech_01.03_8.txt	2	hi-tech
117	hi_tech_21.02_3.txt	2	hi-tech
296	science_26.02-04.03_9.txt	2	science
423	politics_26.02-04.03_84.txt	2	politics
159	hi_tech_02.02_9.txt	2	hi-tech
286	science_26.02-04.03_26.txt	2	science
194	science_12.02-18.02_40.txt	2	science
282	science_26.02-04.03_33.txt	2	science
250	science_26.02-04.03_34.txt	2	science
169	science_26.02-04.03_40.txt	2	science
172	science_19.02-25.02_35.txt	2	science
190	science_29.01-04.02_21.txt	2	science
186	science_19.02-25.02_36.txt	2	science
271	science_26.02-04.03_25.txt	2	science
269	science_29.01-04.02_2.txt	2	science
265	science_26.02-04.03_30.txt	2	science
324	politics_19.02-25.02_36.txt	2	politics
326	politics_26.02-04.03_57.txt	2	politics
263	science_29.01-04.02_52.txt	2	science
330	politics_05.02-11.02_65.txt	2	politics
386	politics_12.02-18.02_42.txt	2	politics
387	politics_12.02-18.02_43.txt	2	politics
380	politics_19.02-25.02_24.txt	2	politics
391	politics_26.02-04.03_78.txt	2	politics
329	politics_05.02-11.02_71.txt	2	politics
371	politics_29.01-04.02_23.txt	2	politics
392	politics_19.02-25.02_25.txt	2	politics
366	politics_19.02-25.02_34.txt	2	politics
365	politics_26.02-04.03_69.txt	2	politics
360	politics_12.02-18.02_52.txt	2	politics
356	politics_26.02-04.03_8.txt	2	politics
351	politics_26.02-04.03_68.txt	2	politics
398	politics_29.01-04.02_26.txt	2	politics
343	politics_29.01-04.02_20.txt	2	politics
350	politics_19.02-25.02_35.txt	2	politics
342	politics_26.02-04.03_95.txt	2	politics
332	politics_12.02-18.02_50.txt	2	politics
409	politics_05.02-11.02_60.txt	2	politics
334	politics_12.02-18.02_45.txt	2	politics
408	politics_05.02-11.02_74.txt	2	politics
399	politics_29.01-04.02_18.txt	2	politics
405	politics_26.02-04.03_46.txt	2	politics
384	politics_05.02-11.02_77.txt	2	politics
400	politics_29.01-04.02_30.txt	2	politics
187	science_19.02-25.02_22.txt	3	science
188	science_05.02-11.02_2.txt	3	science
193	science_19.02-25.02_1.txt	3	science
184	science_26.02-04.03_57.txt	3	science
183	science_26.02-04.03_56.txt	3	science
189	science_29.01-04.02_35.txt	3	science
191	science_12.02-18.02_8.txt	3	science
195	science_29.01-04.02_19.txt	3	science
192	science_19.02-25.02_5.txt	3	science
185	science_26.02-04.03_43.txt	3	science
201	science_19.02-25.02_26.txt	3	science
197	science_29.01-04.02_31.txt	3	science
218	science_19.02-25.02_24.txt	3	science
217	science_19.02-25.02_19.txt	3	science
216	science_26.02-04.03_50.txt	3	science
215	science_29.01-04.02_26.txt	3	science
214	science_05.02-11.02_5.txt	3	science
213	science_29.01-04.02_32.txt	3	science
212	science_19.02-25.02_2.txt	3	science
211	science_19.02-25.02_0.txt	3	science
210	science_05.02-11.02_48.txt	3	science
209	science_12.02-18.02_41.txt	3	science
208	science_29.01-04.02_18.txt	3	science
206	science_05.02-11.02_7.txt	3	science
205	science_26.02-04.03_46.txt	3	science
204	science_26.02-04.03_52.txt	3	science
203	science_19.02-25.02_27.txt	3	science
202	science_19.02-25.02_32.txt	3	science
200	science_26.02-04.03_53.txt	3	science
199	science_26.02-04.03_47.txt	3	science
198	science_05.02-11.02_6.txt	3	science
196	science_29.01-04.02_25.txt	3	science
207	science_29.01-04.02_24.txt	3	science
164	science_29.01-04.02_23.txt	3	science
181	science_19.02-25.02_23.txt	3	science
127	hi_tech_01.03_9.txt	3	hi-tech
125	hi_tech_08.02_5.txt	3	hi-tech
107	hi_tech_14.02_5.txt	3	hi-tech
96	hi_tech_01.03_11.txt	3	hi-tech
94	hi_tech_21.02_6.txt	3	hi-tech
85	hi_tech_07.02_8.txt	3	hi-tech
78	hi_tech_08.02_3.txt	3	hi-tech
129	hi_tech_15.02_0.txt	3	hi-tech
74	hi_tech_05.03_5.txt	3	hi-tech
69	hi_tech_20.02_5.txt	3	hi-tech
60	hi_tech_01.02_9.txt	3	hi-tech
47	hi_tech_05.02_2.txt	3	hi-tech
45	hi_tech_05.02_0.txt	3	hi-tech
30	hi_tech_19.02_0.txt	3	hi-tech
29	hi_tech_18.02_0.txt	3	hi-tech
10	hi_tech_12.02_0.txt	3	hi-tech
71	hi_tech_05.03_4.txt	3	hi-tech
137	hi_tech_20.02_0.txt	3	hi-tech
142	hi_tech_05.03_0.txt	3	hi-tech
146	hi_tech_20.02_1.txt	3	hi-tech
180	science_05.02-11.02_3.txt	3	science
179	science_29.01-04.02_34.txt	3	science
178	science_29.01-04.02_20.txt	3	science
177	science_12.02-18.02_9.txt	3	science
176	science_19.02-25.02_4.txt	3	science
174	science_29.01-04.02_36.txt	3	science
173	science_29.01-04.02_22.txt	3	science
171	science_19.02-25.02_21.txt	3	science
170	science_26.02-04.03_54.txt	3	science
168	science_26.02-04.03_41.txt	3	science
167	science_26.02-04.03_55.txt	3	science
166	science_19.02-25.02_20.txt	3	science
165	science_19.02-25.02_34.txt	3	science
219	science_19.02-25.02_18.txt	3	science
163	science_05.02-11.02_0.txt	3	science
162	science_29.01-04.02_37.txt	3	science
161	science_19.02-25.02_7.txt	3	science
182	science_26.02-04.03_42.txt	3	science
220	science_26.02-04.03_45.txt	3	science
239	science_12.02-18.02_30.txt	3	science
222	science_05.02-11.02_4.txt	3	science
294	science_05.02-11.02_19.txt	3	science
293	science_05.02-11.02_14.txt	3	science
292	science_05.02-11.02_28.txt	3	science
291	science_12.02-18.02_21.txt	3	science
290	science_12.02-18.02_35.txt	3	science
289	science_29.01-04.02_50.txt	3	science
288	science_29.01-04.02_44.txt	3	science
287	science_26.02-04.03_32.txt	3	science
295	science_05.02-11.02_31.txt	3	science
285	science_29.01-04.02_1.txt	3	science
283	science_26.02-04.03_27.txt	3	science
281	science_29.01-04.02_51.txt	3	science
280	science_12.02-18.02_34.txt	3	science
279	science_12.02-18.02_20.txt	3	science
278	science_26.02-04.03_5.txt	3	science
277	science_05.02-11.02_15.txt	3	science
276	science_05.02-11.02_17.txt	3	science
275	science_12.02-18.02_36.txt	3	science
284	science_29.01-04.02_0.txt	3	science
297	science_05.02-11.02_25.txt	3	science
298	science_12.02-18.02_38.txt	3	science
299	science_12.02-18.02_10.txt	3	science
320	science_26.02-04.03_39.txt	3	science
319	science_26.02-04.03_11.txt	3	science
318	science_05.02-11.02_37.txt	3	science
317	science_05.02-11.02_23.txt	3	science
316	science_05.02-11.02_33.txt	3	science
315	science_12.02-18.02_12.txt	3	science
314	science_26.02-04.03_29.txt	3	science
313	science_26.02-04.03_15.txt	3	science
312	science_26.02-04.03_14.txt	3	science
311	science_12.02-18.02_13.txt	3	science
310	science_05.02-11.02_32.txt	3	science
309	science_05.02-11.02_26.txt	3	science
308	science_05.02-11.02_30.txt	3	science
307	science_26.02-04.03_8.txt	3	science
305	science_12.02-18.02_39.txt	3	science
303	science_29.01-04.02_48.txt	3	science
302	science_26.02-04.03_16.txt	3	science
301	science_26.02-04.03_17.txt	3	science
300	science_29.01-04.02_49.txt	3	science
274	science_12.02-18.02_22.txt	3	science
221	science_29.01-04.02_27.txt	3	science
273	science_29.01-04.02_47.txt	3	science
503	culture_19.02-25.02_27.txt	3	culture
240	science_12.02-18.02_24.txt	3	science
238	science_29.01-04.02_55.txt	3	science
237	science_29.01-04.02_41.txt	3	science
236	science_29.01-04.02_4.txt	3	science
235	science_26.02-04.03_37.txt	3	science
234	science_26.02-04.03_23.txt	3	science
233	science_26.02-04.03_36.txt	3	science
232	science_29.01-04.02_5.txt	3	science
241	science_12.02-18.02_18.txt	3	science
231	science_29.01-04.02_40.txt	3	science
229	science_12.02-18.02_31.txt	3	science
228	science_12.02-18.02_25.txt	3	science
227	science_05.02-11.02_10.txt	3	science
226	science_05.02-11.02_38.txt	3	science
225	science_26.02-04.03_0.txt	3	science
224	science_19.02-25.02_3.txt	3	science
223	science_12.02-18.02_42.txt	3	science
551	culture_05.02-11.02_16.txt	3	culture
230	science_29.01-04.02_54.txt	3	science
242	science_05.02-11.02_11.txt	3	science
243	science_26.02-04.03_1.txt	3	science
244	science_26.02-04.03_3.txt	3	science
270	science_26.02-04.03_31.txt	3	science
267	science_29.01-04.02_3.txt	3	science
266	science_26.02-04.03_18.txt	3	science
264	science_26.02-04.03_24.txt	3	science
261	science_12.02-18.02_23.txt	3	science
260	science_26.02-04.03_6.txt	3	science
259	science_05.02-11.02_16.txt	3	science
258	science_26.02-04.03_2.txt	3	science
257	science_05.02-11.02_12.txt	3	science
256	science_12.02-18.02_33.txt	3	science
255	science_12.02-18.02_27.txt	3	science
254	science_29.01-04.02_42.txt	3	science
253	science_29.01-04.02_56.txt	3	science
252	science_29.01-04.02_7.txt	3	science
251	science_26.02-04.03_20.txt	3	science
248	science_26.02-04.03_21.txt	3	science
247	science_29.01-04.02_6.txt	3	science
246	science_29.01-04.02_57.txt	3	science
245	science_12.02-18.02_26.txt	3	science
272	science_29.01-04.02_53.txt	3	science
321	science_26.02-04.03_38.txt	3	science
