	file_name	label	target
642	culture_29.01-04.02_38.txt	0	culture
509	culture_29.01-04.02_32.txt	0	culture
508	culture_12.02-18.02_43.txt	0	culture
507	culture_29.01-04.02_8.txt	0	culture
506	culture_12.02-18.02_41.txt	0	culture
505	culture_29.01-04.02_30.txt	0	culture
504	culture_29.01-04.02_18.txt	0	culture
502	culture_19.02-25.02_33.txt	0	culture
501	culture_19.02-25.02_32.txt	0	culture
500	culture_19.02-25.02_26.txt	0	culture
499	culture_29.01-04.02_31.txt	0	culture
510	culture_29.01-04.02_26.txt	0	culture
498	culture_29.01-04.02_25.txt	0	culture
496	culture_12.02-18.02_44.txt	0	culture
495	culture_29.01-04.02_21.txt	0	culture
494	culture_19.02-25.02_23.txt	0	culture
493	culture_26.02-04.03_42.txt	0	culture
492	culture_29.01-04.02_34.txt	0	culture
491	culture_29.01-04.02_20.txt	0	culture
490	culture_29.01-04.02_36.txt	0	culture
489	culture_29.01-04.02_22.txt	0	culture
488	culture_26.02-04.03_9.txt	0	culture
487	culture_26.02-04.03_40.txt	0	culture
497	culture_12.02-18.02_40.txt	0	culture
486	culture_19.02-25.02_21.txt	0	culture
263	science_29.01-04.02_52.txt	0	science
513	culture_19.02-25.02_19.txt	0	culture
535	culture_05.02-11.02_9.txt	0	culture
534	culture_12.02-18.02_24.txt	0	culture
533	culture_12.02-18.02_18.txt	0	culture
532	culture_12.02-18.02_3.txt	0	culture
531	culture_29.01-04.02_41.txt	0	culture
530	culture_26.02-04.03_37.txt	0	culture
529	culture_26.02-04.03_23.txt	0	culture
114	hi_tech_01.03_8.txt	0	hi-tech
528	culture_26.02-04.03_22.txt	0	culture
527	culture_26.02-04.03_36.txt	0	culture
512	culture_19.02-25.02_25.txt	0	culture
526	culture_29.01-04.02_40.txt	0	culture
524	culture_12.02-18.02_19.txt	0	culture
523	culture_12.02-18.02_31.txt	0	culture
522	culture_05.02-11.02_8.txt	0	culture
521	culture_05.02-11.02_38.txt	0	culture
520	culture_05.02-11.02_10.txt	0	culture
519	culture_12.02-18.02_42.txt	0	culture
517	culture_29.01-04.02_27.txt	0	culture
516	culture_19.02-25.02_30.txt	0	culture
515	culture_19.02-25.02_24.txt	0	culture
514	culture_19.02-25.02_18.txt	0	culture
525	culture_12.02-18.02_2.txt	0	culture
485	culture_26.02-04.03_41.txt	0	culture
484	culture_26.02-04.03_8.txt	0	culture
483	culture_29.01-04.02_23.txt	0	culture
365	politics_26.02-04.03_69.txt	0	politics
363	politics_26.02-04.03_55.txt	0	politics
361	politics_05.02-11.02_73.txt	0	politics
190	science_29.01-04.02_21.txt	0	science
359	politics_12.02-18.02_46.txt	0	politics
357	politics_12.02-18.02_53.txt	0	politics
356	politics_26.02-04.03_8.txt	0	politics
194	science_12.02-18.02_40.txt	0	science
350	politics_19.02-25.02_35.txt	0	politics
348	politics_26.02-04.03_97.txt	0	politics
371	politics_29.01-04.02_23.txt	0	politics
334	politics_12.02-18.02_45.txt	0	politics
330	politics_05.02-11.02_65.txt	0	politics
329	politics_05.02-11.02_71.txt	0	politics
326	politics_26.02-04.03_57.txt	0	politics
641	culture_29.01-04.02_10.txt	0	culture
225	science_26.02-04.03_0.txt	0	science
296	science_26.02-04.03_9.txt	0	science
250	science_26.02-04.03_34.txt	0	science
271	science_26.02-04.03_25.txt	0	science
269	science_29.01-04.02_2.txt	0	science
268	science_26.02-04.03_19.txt	0	science
331	politics_12.02-18.02_44.txt	0	politics
380	politics_19.02-25.02_24.txt	0	politics
382	politics_19.02-25.02_30.txt	0	politics
386	politics_12.02-18.02_42.txt	0	politics
482	culture_29.01-04.02_37.txt	0	culture
477	politics_19.02-25.02_43.txt	0	politics
473	politics_05.02-11.02_38.txt	0	politics
472	politics_05.02-11.02_10.txt	0	politics
468	politics_12.02-18.02_24.txt	0	politics
467	politics_12.02-18.02_30.txt	0	politics
464	politics_05.02-11.02_39.txt	0	politics
456	politics_12.02-18.02_2.txt	0	politics
454	politics_29.01-04.02_55.txt	0	politics
169	science_26.02-04.03_40.txt	0	science
450	politics_12.02-18.02_0.txt	0	politics
446	politics_19.02-25.02_40.txt	0	politics
444	politics_26.02-04.03_35.txt	0	politics
436	politics_26.02-04.03_20.txt	0	politics
433	politics_19.02-25.02_55.txt	0	politics
423	politics_26.02-04.03_84.txt	0	politics
413	politics_12.02-18.02_69.txt	0	politics
411	politics_12.02-18.02_41.txt	0	politics
410	politics_05.02-11.02_48.txt	0	politics
408	politics_05.02-11.02_74.txt	0	politics
405	politics_26.02-04.03_46.txt	0	politics
398	politics_29.01-04.02_26.txt	0	politics
392	politics_19.02-25.02_25.txt	0	politics
536	culture_05.02-11.02_39.txt	0	culture
537	culture_05.02-11.02_11.txt	0	culture
511	culture_19.02-25.02_31.txt	0	culture
539	culture_12.02-18.02_32.txt	0	culture
612	culture_05.02-11.02_4.txt	0	culture
611	culture_05.02-11.02_20.txt	0	culture
31	hi_tech_05.02_5.txt	0	hi-tech
610	culture_05.02-11.02_34.txt	0	culture
609	culture_05.02-11.02_22.txt	0	culture
608	culture_12.02-18.02_17.txt	0	culture
607	culture_26.02-04.03_38.txt	0	culture
606	culture_26.02-04.03_11.txt	0	culture
605	culture_19.02-25.02_0.txt	0	culture
604	culture_05.02-11.02_7.txt	0	culture
613	culture_12.02-18.02_29.txt	0	culture
603	culture_05.02-11.02_37.txt	0	culture
601	culture_05.02-11.02_27.txt	0	culture
600	culture_05.02-11.02_3.txt	0	culture
599	culture_12.02-18.02_12.txt	0	culture
598	culture_12.02-18.02_9.txt	0	culture
597	culture_19.02-25.02_4.txt	0	culture
596	culture_26.02-04.03_29.txt	0	culture
595	culture_26.02-04.03_28.txt	0	culture
594	culture_19.02-25.02_5.txt	0	culture
593	culture_12.02-18.02_8.txt	0	culture
592	culture_12.02-18.02_13.txt	0	culture
602	culture_05.02-11.02_23.txt	0	culture
614	culture_12.02-18.02_15.txt	0	culture
538	culture_05.02-11.02_13.txt	0	culture
616	culture_19.02-25.02_3.txt	0	culture
640	culture_29.01-04.02_2.txt	0	culture
639	culture_29.01-04.02_6.txt	0	culture
638	culture_26.02-04.03_3.txt	0	culture
637	culture_19.02-25.02_16.txt	0	culture
636	culture_26.02-04.03_2.txt	0	culture
635	culture_29.01-04.02_15.txt	0	culture
634	culture_29.01-04.02_29.txt	0	culture
633	culture_29.01-04.02_7.txt	0	culture
632	culture_29.01-04.02_5.txt	0	culture
631	culture_29.01-04.02_17.txt	0	culture
630	culture_26.02-04.03_0.txt	0	culture
629	culture_19.02-25.02_28.txt	0	culture
628	culture_19.02-25.02_14.txt	0	culture
627	culture_19.02-25.02_15.txt	0	culture
626	culture_19.02-25.02_29.txt	0	culture
624	culture_29.01-04.02_16.txt	0	culture
623	culture_29.01-04.02_4.txt	0	culture
622	culture_05.02-11.02_35.txt	0	culture
621	culture_05.02-11.02_21.txt	0	culture
620	culture_05.02-11.02_5.txt	0	culture
619	culture_12.02-18.02_28.txt	0	culture
618	culture_12.02-18.02_14.txt	0	culture
617	culture_26.02-04.03_13.txt	0	culture
591	culture_05.02-11.02_2.txt	0	culture
590	culture_05.02-11.02_32.txt	0	culture
615	culture_26.02-04.03_12.txt	0	culture
588	culture_05.02-11.02_24.txt	0	culture
561	culture_12.02-18.02_22.txt	0	culture
560	culture_19.02-25.02_8.txt	0	culture
559	culture_26.02-04.03_25.txt	0	culture
558	culture_26.02-04.03_31.txt	0	culture
557	culture_26.02-04.03_30.txt	0	culture
556	culture_26.02-04.03_24.txt	0	culture
555	culture_19.02-25.02_9.txt	0	culture
554	culture_26.02-04.03_18.txt	0	culture
553	culture_12.02-18.02_23.txt	0	culture
552	culture_12.02-18.02_4.txt	0	culture
562	culture_12.02-18.02_36.txt	0	culture
550	culture_05.02-11.02_12.txt	0	culture
548	culture_12.02-18.02_27.txt	0	culture
547	culture_12.02-18.02_0.txt	0	culture
546	culture_29.01-04.02_42.txt	0	culture
589	culture_05.02-11.02_30.txt	0	culture
545	culture_26.02-04.03_20.txt	0	culture
544	culture_26.02-04.03_34.txt	0	culture
543	culture_26.02-04.03_35.txt	0	culture
542	culture_26.02-04.03_21.txt	0	culture
541	culture_12.02-18.02_1.txt	0	culture
540	culture_12.02-18.02_26.txt	0	culture
549	culture_12.02-18.02_33.txt	0	culture
563	culture_12.02-18.02_5.txt	0	culture
262	science_29.01-04.02_46.txt	0	science
565	culture_05.02-11.02_29.txt	0	culture
583	culture_26.02-04.03_16.txt	0	culture
582	culture_19.02-25.02_7.txt	0	culture
564	culture_05.02-11.02_17.txt	0	culture
584	culture_12.02-18.02_39.txt	0	culture
581	culture_26.02-04.03_17.txt	0	culture
586	culture_05.02-11.02_0.txt	0	culture
587	culture_05.02-11.02_18.txt	0	culture
580	culture_12.02-18.02_38.txt	0	culture
579	culture_12.02-18.02_10.txt	0	culture
578	culture_05.02-11.02_19.txt	0	culture
577	culture_05.02-11.02_25.txt	0	culture
576	culture_05.02-11.02_31.txt	0	culture
585	culture_12.02-18.02_11.txt	0	culture
575	culture_05.02-11.02_28.txt	0	culture
569	culture_12.02-18.02_34.txt	0	culture
570	culture_26.02-04.03_33.txt	0	culture
568	culture_12.02-18.02_20.txt	0	culture
571	culture_26.02-04.03_27.txt	0	culture
572	culture_26.02-04.03_26.txt	0	culture
567	culture_12.02-18.02_7.txt	0	culture
573	culture_12.02-18.02_35.txt	0	culture
574	culture_05.02-11.02_14.txt	0	culture
566	culture_05.02-11.02_15.txt	0	culture
287	science_26.02-04.03_32.txt	1	science
286	science_26.02-04.03_26.txt	1	science
281	science_29.01-04.02_51.txt	1	science
285	science_29.01-04.02_1.txt	1	science
288	science_29.01-04.02_44.txt	1	science
284	science_29.01-04.02_0.txt	1	science
283	science_26.02-04.03_27.txt	1	science
282	science_26.02-04.03_33.txt	1	science
280	science_12.02-18.02_34.txt	1	science
276	science_05.02-11.02_17.txt	1	science
278	science_26.02-04.03_5.txt	1	science
277	science_05.02-11.02_15.txt	1	science
266	science_26.02-04.03_18.txt	1	science
275	science_12.02-18.02_36.txt	1	science
274	science_12.02-18.02_22.txt	1	science
273	science_29.01-04.02_47.txt	1	science
272	science_29.01-04.02_53.txt	1	science
289	science_29.01-04.02_50.txt	1	science
270	science_26.02-04.03_31.txt	1	science
267	science_29.01-04.02_3.txt	1	science
264	science_26.02-04.03_24.txt	1	science
265	science_26.02-04.03_30.txt	1	science
279	science_12.02-18.02_20.txt	1	science
290	science_12.02-18.02_35.txt	1	science
299	science_12.02-18.02_10.txt	1	science
292	science_05.02-11.02_28.txt	1	science
503	culture_19.02-25.02_27.txt	1	culture
625	culture_26.02-04.03_1.txt	1	culture
551	culture_05.02-11.02_16.txt	1	culture
320	science_26.02-04.03_39.txt	1	science
319	science_26.02-04.03_11.txt	1	science
318	science_05.02-11.02_37.txt	1	science
317	science_05.02-11.02_23.txt	1	science
316	science_05.02-11.02_33.txt	1	science
315	science_12.02-18.02_12.txt	1	science
314	science_26.02-04.03_29.txt	1	science
312	science_26.02-04.03_14.txt	1	science
311	science_12.02-18.02_13.txt	1	science
310	science_05.02-11.02_32.txt	1	science
309	science_05.02-11.02_26.txt	1	science
308	science_05.02-11.02_30.txt	1	science
307	science_26.02-04.03_8.txt	1	science
306	science_05.02-11.02_24.txt	1	science
305	science_12.02-18.02_39.txt	1	science
303	science_29.01-04.02_48.txt	1	science
302	science_26.02-04.03_16.txt	1	science
301	science_26.02-04.03_17.txt	1	science
300	science_29.01-04.02_49.txt	1	science
298	science_12.02-18.02_38.txt	1	science
297	science_05.02-11.02_25.txt	1	science
295	science_05.02-11.02_31.txt	1	science
294	science_05.02-11.02_19.txt	1	science
293	science_05.02-11.02_14.txt	1	science
291	science_12.02-18.02_21.txt	1	science
313	science_26.02-04.03_15.txt	1	science
321	science_26.02-04.03_38.txt	1	science
260	science_26.02-04.03_6.txt	1	science
163	science_05.02-11.02_0.txt	1	science
178	science_29.01-04.02_20.txt	1	science
197	science_29.01-04.02_31.txt	1	science
161	science_19.02-25.02_7.txt	1	science
198	science_05.02-11.02_6.txt	1	science
199	science_26.02-04.03_47.txt	1	science
200	science_26.02-04.03_53.txt	1	science
201	science_19.02-25.02_26.txt	1	science
146	hi_tech_20.02_1.txt	1	hi-tech
202	science_19.02-25.02_32.txt	1	science
204	science_26.02-04.03_52.txt	1	science
205	science_26.02-04.03_46.txt	1	science
206	science_05.02-11.02_7.txt	1	science
207	science_29.01-04.02_24.txt	1	science
208	science_29.01-04.02_18.txt	1	science
209	science_12.02-18.02_41.txt	1	science
210	science_05.02-11.02_48.txt	1	science
211	science_19.02-25.02_0.txt	1	science
212	science_19.02-25.02_2.txt	1	science
164	science_29.01-04.02_23.txt	1	science
213	science_29.01-04.02_32.txt	1	science
165	science_19.02-25.02_34.txt	1	science
196	science_29.01-04.02_25.txt	1	science
179	science_29.01-04.02_34.txt	1	science
176	science_19.02-25.02_4.txt	1	science
181	science_19.02-25.02_23.txt	1	science
182	science_26.02-04.03_42.txt	1	science
174	science_29.01-04.02_36.txt	1	science
184	science_26.02-04.03_57.txt	1	science
173	science_29.01-04.02_22.txt	1	science
185	science_26.02-04.03_43.txt	1	science
186	science_19.02-25.02_36.txt	1	science
171	science_19.02-25.02_21.txt	1	science
170	science_26.02-04.03_54.txt	1	science
187	science_19.02-25.02_22.txt	1	science
188	science_05.02-11.02_2.txt	1	science
189	science_29.01-04.02_35.txt	1	science
261	science_12.02-18.02_23.txt	1	science
191	science_12.02-18.02_8.txt	1	science
192	science_19.02-25.02_5.txt	1	science
167	science_26.02-04.03_55.txt	1	science
195	science_29.01-04.02_19.txt	1	science
166	science_19.02-25.02_20.txt	1	science
214	science_05.02-11.02_5.txt	1	science
162	science_29.01-04.02_37.txt	1	science
216	science_26.02-04.03_50.txt	1	science
236	science_29.01-04.02_4.txt	1	science
237	science_29.01-04.02_41.txt	1	science
238	science_29.01-04.02_55.txt	1	science
239	science_12.02-18.02_30.txt	1	science
240	science_12.02-18.02_24.txt	1	science
241	science_12.02-18.02_18.txt	1	science
242	science_05.02-11.02_11.txt	1	science
243	science_26.02-04.03_1.txt	1	science
215	science_29.01-04.02_26.txt	1	science
245	science_12.02-18.02_26.txt	1	science
246	science_29.01-04.02_57.txt	1	science
247	science_29.01-04.02_6.txt	1	science
248	science_26.02-04.03_21.txt	1	science
47	hi_tech_05.02_2.txt	1	hi-tech
251	science_26.02-04.03_20.txt	1	science
252	science_29.01-04.02_7.txt	1	science
253	science_29.01-04.02_56.txt	1	science
254	science_29.01-04.02_42.txt	1	science
255	science_12.02-18.02_27.txt	1	science
256	science_12.02-18.02_33.txt	1	science
257	science_05.02-11.02_12.txt	1	science
258	science_26.02-04.03_2.txt	1	science
259	science_05.02-11.02_16.txt	1	science
235	science_26.02-04.03_37.txt	1	science
69	hi_tech_20.02_5.txt	1	hi-tech
244	science_26.02-04.03_3.txt	1	science
177	science_12.02-18.02_9.txt	1	science
227	science_05.02-11.02_10.txt	1	science
220	science_26.02-04.03_45.txt	1	science
229	science_12.02-18.02_31.txt	1	science
228	science_12.02-18.02_25.txt	1	science
224	science_19.02-25.02_3.txt	1	science
231	science_29.01-04.02_40.txt	1	science
230	science_29.01-04.02_54.txt	1	science
232	science_29.01-04.02_5.txt	1	science
222	science_05.02-11.02_4.txt	1	science
218	science_19.02-25.02_24.txt	1	science
217	science_19.02-25.02_19.txt	1	science
223	science_12.02-18.02_42.txt	1	science
233	science_26.02-04.03_36.txt	1	science
221	science_29.01-04.02_27.txt	1	science
219	science_19.02-25.02_18.txt	1	science
435	politics_26.02-04.03_34.txt	2	politics
434	politics_19.02-25.02_41.txt	2	politics
432	politics_29.01-04.02_81.txt	2	politics
431	politics_29.01-04.02_95.txt	2	politics
430	politics_12.02-18.02_1.txt	2	politics
429	politics_29.01-04.02_42.txt	2	politics
428	politics_29.01-04.02_56.txt	2	politics
427	politics_29.01-04.02_19.txt	2	politics
424	politics_26.02-04.03_90.txt	2	politics
425	politics_29.01-04.02_25.txt	2	politics
437	politics_05.02-11.02_12.txt	2	politics
175	science_19.02-25.02_6.txt	2	science
422	politics_26.02-04.03_53.txt	2	politics
117	hi_tech_21.02_3.txt	2	hi-tech
421	politics_26.02-04.03_47.txt	2	politics
420	politics_19.02-25.02_32.txt	2	politics
419	politics_19.02-25.02_26.txt	2	politics
418	politics_05.02-11.02_75.txt	2	politics
417	politics_05.02-11.02_61.txt	2	politics
416	politics_05.02-11.02_49.txt	2	politics
415	politics_12.02-18.02_40.txt	2	politics
414	politics_12.02-18.02_68.txt	2	politics
412	politics_12.02-18.02_55.txt	2	politics
426	politics_29.01-04.02_31.txt	2	politics
438	politics_12.02-18.02_27.txt	2	politics
475	politics_26.02-04.03_22.txt	2	politics
440	politics_12.02-18.02_32.txt	2	politics
471	politics_12.02-18.02_19.txt	2	politics
470	politics_12.02-18.02_31.txt	2	politics
469	politics_12.02-18.02_25.txt	2	politics
476	politics_19.02-25.02_57.txt	2	politics
466	politics_12.02-18.02_18.txt	2	politics
465	politics_05.02-11.02_11.txt	2	politics
463	politics_26.02-04.03_37.txt	2	politics
462	politics_26.02-04.03_23.txt	2	politics
461	politics_19.02-25.02_56.txt	2	politics
460	politics_19.02-25.02_42.txt	2	politics
459	politics_29.01-04.02_96.txt	2	politics
458	politics_29.01-04.02_82.txt	2	politics
457	politics_05.02-11.02_8.txt	2	politics
478	politics_29.01-04.02_97.txt	2	politics
439	politics_12.02-18.02_33.txt	2	politics
479	politics_29.01-04.02_83.txt	2	politics
480	politics_05.02-11.02_9.txt	2	politics
481	politics_29.01-04.02_68.txt	2	politics
452	politics_29.01-04.02_57.txt	2	politics
451	politics_29.01-04.02_43.txt	2	politics
141	hi_tech_05.03_1.txt	2	hi-tech
112	hi_tech_15.02_1.txt	2	hi-tech
449	politics_29.01-04.02_94.txt	2	politics
448	politics_29.01-04.02_80.txt	2	politics
447	politics_19.02-25.02_54.txt	2	politics
518	culture_29.01-04.02_33.txt	2	culture
445	politics_19.02-25.02_68.txt	2	politics
443	politics_26.02-04.03_21.txt	2	politics
474	politics_26.02-04.03_36.txt	2	politics
441	politics_12.02-18.02_26.txt	2	politics
455	politics_29.01-04.02_69.txt	2	politics
442	politics_05.02-11.02_13.txt	2	politics
453	politics_29.01-04.02_41.txt	2	politics
407	politics_19.02-25.02_27.txt	2	politics
343	politics_29.01-04.02_20.txt	2	politics
344	politics_29.01-04.02_34.txt	2	politics
346	politics_29.01-04.02_36.txt	2	politics
347	politics_26.02-04.03_83.txt	2	politics
349	politics_19.02-25.02_21.txt	2	politics
351	politics_26.02-04.03_68.txt	2	politics
342	politics_26.02-04.03_95.txt	2	politics
352	politics_26.02-04.03_40.txt	2	politics
354	politics_05.02-11.02_66.txt	2	politics
355	politics_05.02-11.02_72.txt	2	politics
358	politics_12.02-18.02_47.txt	2	politics
360	politics_12.02-18.02_52.txt	2	politics
362	politics_05.02-11.02_67.txt	2	politics
364	politics_26.02-04.03_41.txt	2	politics
353	politics_26.02-04.03_54.txt	2	politics
366	politics_19.02-25.02_34.txt	2	politics
341	politics_19.02-25.02_37.txt	2	politics
339	politics_26.02-04.03_56.txt	2	politics
249	science_26.02-04.03_35.txt	2	science
409	politics_05.02-11.02_60.txt	2	politics
322	politics_29.01-04.02_21.txt	2	politics
323	politics_26.02-04.03_94.txt	2	politics
324	politics_19.02-25.02_36.txt	2	politics
325	politics_19.02-25.02_22.txt	2	politics
340	politics_19.02-25.02_23.txt	2	politics
327	politics_26.02-04.03_43.txt	2	politics
332	politics_12.02-18.02_50.txt	2	politics
333	politics_12.02-18.02_51.txt	2	politics
335	politics_05.02-11.02_64.txt	2	politics
336	politics_05.02-11.02_70.txt	2	politics
337	politics_05.02-11.02_58.txt	2	politics
338	politics_26.02-04.03_42.txt	2	politics
328	politics_05.02-11.02_59.txt	2	politics
367	politics_19.02-25.02_20.txt	2	politics
345	politics_29.01-04.02_22.txt	2	politics
369	politics_26.02-04.03_82.txt	2	politics
388	politics_12.02-18.02_57.txt	2	politics
389	politics_05.02-11.02_62.txt	2	politics
390	politics_19.02-25.02_31.txt	2	politics
393	politics_26.02-04.03_50.txt	2	politics
394	politics_26.02-04.03_44.txt	2	politics
395	politics_29.01-04.02_9.txt	2	politics
387	politics_12.02-18.02_43.txt	2	politics
396	politics_26.02-04.03_93.txt	2	politics
399	politics_29.01-04.02_18.txt	2	politics
400	politics_29.01-04.02_30.txt	2	politics
401	politics_29.01-04.02_24.txt	2	politics
402	politics_26.02-04.03_91.txt	2	politics
368	politics_26.02-04.03_96.txt	2	politics
404	politics_26.02-04.03_52.txt	2	politics
397	politics_29.01-04.02_32.txt	2	politics
385	politics_12.02-18.02_56.txt	2	politics
391	politics_26.02-04.03_78.txt	2	politics
403	politics_26.02-04.03_85.txt	2	politics
372	politics_29.01-04.02_27.txt	2	politics
406	politics_19.02-25.02_33.txt	2	politics
373	politics_29.01-04.02_33.txt	2	politics
370	politics_29.01-04.02_37.txt	2	politics
374	politics_26.02-04.03_86.txt	2	politics
376	politics_29.01-04.02_8.txt	2	politics
375	politics_26.02-04.03_92.txt	2	politics
378	politics_26.02-04.03_45.txt	2	politics
379	politics_26.02-04.03_51.txt	2	politics
381	politics_26.02-04.03_79.txt	2	politics
383	politics_05.02-11.02_63.txt	2	politics
384	politics_05.02-11.02_77.txt	2	politics
377	politics_19.02-25.02_18.txt	2	politics
54	hi_tech_26.02_6.txt	3	hi-tech
57	hi_tech_12.02_5.txt	3	hi-tech
58	hi_tech_13.02_5.txt	3	hi-tech
56	hi_tech_27.02_7.txt	3	hi-tech
55	hi_tech_26.02_7.txt	3	hi-tech
53	hi_tech_27.02_6.txt	3	hi-tech
48	hi_tech_01.02_8.txt	3	hi-tech
51	hi_tech_13.02_4.txt	3	hi-tech
50	hi_tech_09.02_10.txt	3	hi-tech
79	hi_tech_31.01_5.txt	3	hi-tech
49	hi_tech_02.03_7.txt	3	hi-tech
45	hi_tech_05.02_0.txt	3	hi-tech
46	hi_tech_04.02_0.txt	3	hi-tech
59	hi_tech_02.03_6.txt	3	hi-tech
52	hi_tech_12.02_4.txt	3	hi-tech
44	hi_tech_19.02_5.txt	3	hi-tech
73	hi_tech_22.02_11.txt	3	hi-tech
61	hi_tech_19.02_6.txt	3	hi-tech
77	hi_tech_21.02_4.txt	3	hi-tech
76	hi_tech_20.02_4.txt	3	hi-tech
75	hi_tech_09.02_3.txt	3	hi-tech
43	hi_tech_02.03_5.txt	3	hi-tech
78	hi_tech_08.02_3.txt	3	hi-tech
74	hi_tech_05.03_5.txt	3	hi-tech
72	hi_tech_22.02_10.txt	3	hi-tech
71	hi_tech_05.03_4.txt	3	hi-tech
70	hi_tech_09.02_2.txt	3	hi-tech
234	science_26.02-04.03_23.txt	3	science
68	hi_tech_21.02_5.txt	3	hi-tech
67	hi_tech_08.02_2.txt	3	hi-tech
66	hi_tech_31.01_4.txt	3	hi-tech
65	hi_tech_30.01_4.txt	3	hi-tech
64	hi_tech_14.02_7.txt	3	hi-tech
63	hi_tech_02.02_1.txt	3	hi-tech
62	hi_tech_05.02_3.txt	3	hi-tech
60	hi_tech_01.02_9.txt	3	hi-tech
42	hi_tech_12.02_6.txt	3	hi-tech
10	hi_tech_12.02_0.txt	3	hi-tech
40	hi_tech_26.02_4.txt	3	hi-tech
17	hi_tech_19.02_1.txt	3	hi-tech
16	hi_tech_05.02_4.txt	3	hi-tech
15	hi_tech_05.02_6.txt	3	hi-tech
14	hi_tech_19.02_3.txt	3	hi-tech
13	hi_tech_02.03_3.txt	3	hi-tech
12	hi_tech_22.02_8.txt	3	hi-tech
11	hi_tech_13.02_0.txt	3	hi-tech
80	hi_tech_30.01_5.txt	3	hi-tech
9	hi_tech_27.02_2.txt	3	hi-tech
8	hi_tech_26.02_2.txt	3	hi-tech
7	hi_tech_26.02_3.txt	3	hi-tech
6	hi_tech_27.02_3.txt	3	hi-tech
5	hi_tech_12.02_1.txt	3	hi-tech
4	hi_tech_13.02_1.txt	3	hi-tech
3	hi_tech_22.02_9.txt	3	hi-tech
2	hi_tech_02.03_2.txt	3	hi-tech
1	hi_tech_19.02_2.txt	3	hi-tech
18	hi_tech_02.03_1.txt	3	hi-tech
41	hi_tech_13.02_6.txt	3	hi-tech
19	hi_tech_12.02_2.txt	3	hi-tech
21	hi_tech_26.02_0.txt	3	hi-tech
39	hi_tech_27.02_4.txt	3	hi-tech
38	hi_tech_27.02_5.txt	3	hi-tech
37	hi_tech_26.02_5.txt	3	hi-tech
36	hi_tech_13.02_7.txt	3	hi-tech
35	hi_tech_12.02_7.txt	3	hi-tech
34	hi_tech_02.03_4.txt	3	hi-tech
33	hi_tech_19.02_4.txt	3	hi-tech
32	hi_tech_05.02_1.txt	3	hi-tech
30	hi_tech_19.02_0.txt	3	hi-tech
29	hi_tech_18.02_0.txt	3	hi-tech
28	hi_tech_03.03_0.txt	3	hi-tech
27	hi_tech_02.03_0.txt	3	hi-tech
26	hi_tech_12.02_3.txt	3	hi-tech
25	hi_tech_13.02_3.txt	3	hi-tech
24	hi_tech_26.02_1.txt	3	hi-tech
23	hi_tech_27.02_1.txt	3	hi-tech
22	hi_tech_27.02_0.txt	3	hi-tech
20	hi_tech_13.02_2.txt	3	hi-tech
81	hi_tech_14.02_6.txt	3	hi-tech
116	hi_tech_08.02_4.txt	3	hi-tech
83	hi_tech_02.02_0.txt	3	hi-tech
143	hi_tech_31.01_0.txt	3	hi-tech
142	hi_tech_05.03_0.txt	3	hi-tech
140	hi_tech_31.01_1.txt	3	hi-tech
139	hi_tech_30.01_1.txt	3	hi-tech
138	hi_tech_09.02_7.txt	3	hi-tech
137	hi_tech_20.02_0.txt	3	hi-tech
136	hi_tech_21.02_0.txt	3	hi-tech
144	hi_tech_30.01_0.txt	3	hi-tech
135	hi_tech_08.02_7.txt	3	hi-tech
133	hi_tech_15.02_2.txt	3	hi-tech
132	hi_tech_02.02_4.txt	3	hi-tech
131	hi_tech_02.02_6.txt	3	hi-tech
130	hi_tech_14.02_0.txt	3	hi-tech
129	hi_tech_15.02_0.txt	3	hi-tech
128	hi_tech_20.02_2.txt	3	hi-tech
127	hi_tech_01.03_9.txt	3	hi-tech
134	hi_tech_14.02_2.txt	3	hi-tech
145	hi_tech_09.02_6.txt	3	hi-tech
147	hi_tech_21.02_1.txt	3	hi-tech
148	hi_tech_08.02_6.txt	3	hi-tech
180	science_05.02-11.02_3.txt	3	science
183	science_26.02-04.03_56.txt	3	science
172	science_19.02-25.02_35.txt	3	science
168	science_26.02-04.03_41.txt	3	science
193	science_19.02-25.02_1.txt	3	science
160	hi_tech_07.02_3.txt	3	hi-tech
159	hi_tech_02.02_9.txt	3	hi-tech
158	hi_tech_01.03_6.txt	3	hi-tech
157	hi_tech_29.01_3.txt	3	hi-tech
156	hi_tech_29.01_2.txt	3	hi-tech
155	hi_tech_01.03_7.txt	3	hi-tech
154	hi_tech_02.02_8.txt	3	hi-tech
153	hi_tech_07.02_2.txt	3	hi-tech
152	hi_tech_06.02_2.txt	3	hi-tech
151	hi_tech_02.02_5.txt	3	hi-tech
150	hi_tech_15.02_3.txt	3	hi-tech
149	hi_tech_14.02_3.txt	3	hi-tech
126	hi_tech_09.02_5.txt	3	hi-tech
125	hi_tech_08.02_5.txt	3	hi-tech
203	science_19.02-25.02_27.txt	3	science
124	hi_tech_21.02_2.txt	3	hi-tech
100	hi_tech_21.02_7.txt	3	hi-tech
99	hi_tech_05.03_6.txt	3	hi-tech
98	hi_tech_01.03_10.txt	3	hi-tech
97	hi_tech_29.01_8.txt	3	hi-tech
96	hi_tech_01.03_11.txt	3	hi-tech
95	hi_tech_05.03_7.txt	3	hi-tech
94	hi_tech_21.02_6.txt	3	hi-tech
93	hi_tech_08.02_1.txt	3	hi-tech
92	hi_tech_09.02_1.txt	3	hi-tech
91	hi_tech_20.02_6.txt	3	hi-tech
90	hi_tech_30.01_7.txt	3	hi-tech
89	hi_tech_31.01_7.txt	3	hi-tech
88	hi_tech_15.02_4.txt	3	hi-tech
87	hi_tech_14.02_4.txt	3	hi-tech
86	hi_tech_02.02_2.txt	3	hi-tech
85	hi_tech_07.02_8.txt	3	hi-tech
84	hi_tech_03.02_0.txt	3	hi-tech
101	hi_tech_08.02_0.txt	3	hi-tech
82	hi_tech_15.02_6.txt	3	hi-tech
102	hi_tech_09.02_0.txt	3	hi-tech
104	hi_tech_30.01_6.txt	3	hi-tech
123	hi_tech_31.01_3.txt	3	hi-tech
122	hi_tech_30.01_3.txt	3	hi-tech
121	hi_tech_05.03_3.txt	3	hi-tech
120	hi_tech_05.03_2.txt	3	hi-tech
119	hi_tech_30.01_2.txt	3	hi-tech
118	hi_tech_31.01_2.txt	3	hi-tech
304	science_12.02-18.02_11.txt	3	science
115	hi_tech_09.02_4.txt	3	hi-tech
113	hi_tech_20.02_3.txt	3	hi-tech
226	science_05.02-11.02_38.txt	3	science
111	hi_tech_14.02_1.txt	3	hi-tech
110	hi_tech_02.02_7.txt	3	hi-tech
109	hi_tech_07.02_9.txt	3	hi-tech
108	hi_tech_02.02_3.txt	3	hi-tech
107	hi_tech_14.02_5.txt	3	hi-tech
106	hi_tech_15.02_5.txt	3	hi-tech
105	hi_tech_31.01_6.txt	3	hi-tech
103	hi_tech_20.02_7.txt	3	hi-tech
0	hi_tech_05.02_7.txt	3	hi-tech
